{
  "pareto_front": [
    [
      1,
      0,
      1,
      0,
      0
    ],
    [
      1,
      0,
      1,
      0,
      1
    ],
    [
      1,
      0,
      1,
      0,
      1
    ],
    [
      1,
      0,
      1,
      0,
      0
    ],
    [
      1,
      0,
      1,
      0,
      1
    ],
    [
      1,
      0,
      1,
      0,
      0
    ],
    [
      1,
      0,
      1,
      0,
      1
    ],
    [
      1,
      0,
      1,
      0,
      0
    ],
    [
      1,
      0,
      1,
      0,
      0
    ],
    [
      1,
      0,
      1,
      0,
      0
    ],
    [
      1,
      0,
      1,
      0,
      1
    ],
    [
      1,
      0,
      1,
      0,
      0
    ],
    [
      1,
      0,
      1,
      0,
      1
    ],
    [
      1,
      0,
      1,
      0,
      0
    ],
    [
      1,
      0,
      1,
      0,
      0
    ],
    [
      1,
      0,
      1,
      0,
      0
    ],
    [
      1,
      0,
      1,
      0,
      1
    ],
    [
      1,
      0,
      1,
      0,
      1
    ],
    [
      1,
      0,
      1,
      0,
      0
    ],
    [
      1,
      0,
      1,
      0,
      1
    ],
    [
      1,
      0,
      1,
      0,
      1
    ],
    [
      1,
      0,
      1,
      0,
      1
    ],
    [
      1,
      0,
      1,
      0,
      0
    ],
    [
      1,
      0,
      1,
      0,
      0
    ],
    [
      1,
      0,
      1,
      0,
      0
    ],
    [
      1,
      0,
      1,
      0,
      1
    ],
    [
      1,
      0,
      1,
      0,
      0
    ],
    [
      1,
      0,
      1,
      0,
      1
    ],
    [
      1,
      0,
      1,
      0,
      1
    ],
    [
      1,
      0,
      1,
      0,
      0
    ],
    [
      1,
      0,
      1,
      0,
      0
    ],
    [
      1,
      0,
      1,
      0,
      0
    ],
    [
      1,
      0,
      1,
      0,
      1
    ],
    [
      1,
      0,
      1,
      0,
      1
    ],
    [
      0,
      0,
      1,
      0,
      0
    ],
    [
      1,
      0,
      1,
      0,
      0
    ]
  ],
  "pareto_objectives": [
    [
      0.5590791217698867,
      -0.4
    ],
    [
      0.6029054491691379,
      -0.6
    ],
    [
      0.6029054491691379,
      -0.6
    ],
    [
      0.5590791217698867,
      -0.4
    ],
    [
      0.6029054491691379,
      -0.6
    ],
    [
      0.5590791217698867,
      -0.4
    ],
    [
      0.6029054491691379,
      -0.6
    ],
    [
      0.5590791217698867,
      -0.4
    ],
    [
      0.5590791217698867,
      -0.4
    ],
    [
      0.5590791217698867,
      -0.4
    ],
    [
      0.6029054491691379,
      -0.6
    ],
    [
      0.5590791217698867,
      -0.4
    ],
    [
      0.6029054491691379,
      -0.6
    ],
    [
      0.5590791217698867,
      -0.4
    ],
    [
      0.5590791217698867,
      -0.4
    ],
    [
      0.5590791217698867,
      -0.4
    ],
    [
      0.6029054491691379,
      -0.6
    ],
    [
      0.6029054491691379,
      -0.6
    ],
    [
      0.5590791217698867,
      -0.4
    ],
    [
      0.6029054491691379,
      -0.6
    ],
    [
      0.6029054491691379,
      -0.6
    ],
    [
      0.6029054491691379,
      -0.6
    ],
    [
      0.5590791217698867,
      -0.4
    ],
    [
      0.5590791217698867,
      -0.4
    ],
    [
      0.5590791217698867,
      -0.4
    ],
    [
      0.6029054491691379,
      -0.6
    ],
    [
      0.5590791217698867,
      -0.4
    ],
    [
      0.6029054491691379,
      -0.6
    ],
    [
      0.6029054491691379,
      -0.6
    ],
    [
      0.5590791217698867,
      -0.4
    ],
    [
      0.5590791217698867,
      -0.4
    ],
    [
      0.5590791217698867,
      -0.4
    ],
    [
      0.6029054491691379,
      -0.6
    ],
    [
      0.6029054491691379,
      -0.6
    ],
    [
      0.540151638410416,
      -0.2
    ],
    [
      0.5590791217698867,
      -0.4
    ]
  ],
  "n_pareto_solutions": 36,
  "best_balanced": {
    "chromosome": [
      0,
      0,
      1,
      0,
      0
    ],
    "r2_train": 0.540151638410416,
    "n_models": 1,
    "r2_test": 0.35950457615060905
  },
  "best_r2": {
    "chromosome": [
      1,
      0,
      1,
      0,
      1
    ],
    "r2_train": 0.6029054491691379,
    "n_models": 3,
    "r2_test": 0.50736017252124
  },
  "best_parsimonious": {
    "chromosome": [
      0,
      0,
      1,
      0,
      0
    ],
    "r2_train": 0.540151638410416,
    "n_models": 1,
    "r2_test": 0.35950457615060905
  },
  "history_r2": [
    0.6029054491691379,
    0.6029054491691379,
    0.6029054491691379,
    0.6029054491691379,
    0.6029054491691379,
    0.6029054491691379,
    0.6029054491691379,
    0.6029054491691379,
    0.6029054491691379,
    0.6029054491691379,
    0.6029054491691379,
    0.6029054491691379,
    0.6029054491691379,
    0.6029054491691379,
    0.6029054491691379,
    0.6029054491691379,
    0.6029054491691379,
    0.6029054491691379,
    0.6029054491691379,
    0.6029054491691379,
    0.6029054491691379,
    0.6029054491691379,
    0.6029054491691379,
    0.6029054491691379,
    0.6029054491691379,
    0.6029054491691379,
    0.6029054491691379,
    0.6029054491691379,
    0.6029054491691379,
    0.6029054491691379,
    0.6029054491691379,
    0.6029054491691379,
    0.6029054491691379,
    0.6029054491691379,
    0.6029054491691379,
    0.6029054491691379,
    0.6029054491691379,
    0.6029054491691379,
    0.6029054491691379,
    0.6029054491691379,
    0.6029054491691379,
    0.6029054491691379,
    0.6029054491691379,
    0.6029054491691379,
    0.6029054491691379,
    0.6029054491691379,
    0.6029054491691379,
    0.6029054491691379,
    0.6029054491691379,
    0.6029054491691379,
    0.6029054491691379,
    0.6029054491691379,
    0.6029054491691379,
    0.6029054491691379,
    0.6029054491691379,
    0.6029054491691379,
    0.6029054491691379,
    0.6029054491691379,
    0.6029054491691379,
    0.6029054491691379,
    0.6029054491691379,
    0.6029054491691379,
    0.6029054491691379,
    0.6029054491691379,
    0.6029054491691379,
    0.6029054491691379,
    0.6029054491691379,
    0.6029054491691379,
    0.6029054491691379,
    0.6029054491691379,
    0.6029054491691379,
    0.6029054491691379,
    0.6029054491691379,
    0.6029054491691379,
    0.6029054491691379,
    0.6029054491691379,
    0.6029054491691379,
    0.6029054491691379,
    0.6029054491691379,
    0.6029054491691379,
    0.6029054491691379,
    0.6029054491691379,
    0.6029054491691379,
    0.6029054491691379,
    0.6029054491691379,
    0.6029054491691379,
    0.6029054491691379,
    0.6029054491691379,
    0.6029054491691379,
    0.6029054491691379,
    0.6029054491691379,
    0.6029054491691379,
    0.6029054491691379,
    0.6029054491691379,
    0.6029054491691379,
    0.6029054491691379,
    0.6029054491691379,
    0.6029054491691379,
    0.6029054491691379,
    0.6029054491691379
  ],
  "history_pareto_size": [
    6,
    11,
    12,
    15,
    18,
    19,
    20,
    22,
    23,
    25,
    28,
    28,
    28,
    29,
    29,
    28,
    27,
    26,
    28,
    26,
    28,
    30,
    32,
    30,
    32,
    34,
    32,
    34,
    35,
    32,
    33,
    31,
    30,
    32,
    36,
    35,
    35,
    33,
    31,
    32,
    32,
    34,
    32,
    35,
    36,
    35,
    37,
    36,
    34,
    33,
    34,
    35,
    39,
    37,
    37,
    37,
    39,
    34,
    36,
    36,
    35,
    33,
    33,
    34,
    34,
    35,
    36,
    35,
    38,
    37,
    35,
    34,
    34,
    34,
    35,
    35,
    34,
    33,
    33,
    34,
    34,
    34,
    38,
    39,
    42,
    42,
    42,
    44,
    44,
    40,
    36,
    31,
    37,
    35,
    40,
    42,
    41,
    42,
    42,
    40
  ],
  "runtime_s": 4.396995544433594,
  "hyperparams": {
    "pop_size": 60,
    "n_generations": 100,
    "crossover_rate": 0.8,
    "mutation_rate": 0.02,
    "tournament_size": 3,
    "elitism": 2,
    "random_state": 42
  }
}