{
  "pareto_front": [
    [
      1,
      0,
      1,
      0,
      0
    ],
    [
      1,
      0,
      1,
      0,
      1
    ],
    [
      1,
      0,
      1,
      0,
      1
    ],
    [
      1,
      0,
      1,
      0,
      0
    ],
    [
      1,
      0,
      1,
      0,
      1
    ],
    [
      1,
      0,
      1,
      0,
      0
    ],
    [
      1,
      0,
      1,
      0,
      0
    ],
    [
      1,
      0,
      1,
      0,
      0
    ],
    [
      1,
      0,
      1,
      0,
      0
    ],
    [
      1,
      0,
      1,
      0,
      1
    ],
    [
      1,
      0,
      1,
      0,
      1
    ],
    [
      1,
      0,
      1,
      0,
      0
    ],
    [
      1,
      0,
      1,
      0,
      1
    ],
    [
      1,
      0,
      1,
      0,
      1
    ],
    [
      1,
      0,
      1,
      0,
      1
    ],
    [
      1,
      0,
      1,
      0,
      0
    ],
    [
      0,
      0,
      1,
      0,
      0
    ],
    [
      1,
      0,
      1,
      0,
      1
    ],
    [
      1,
      0,
      1,
      0,
      0
    ],
    [
      1,
      0,
      1,
      0,
      0
    ],
    [
      1,
      0,
      1,
      0,
      0
    ],
    [
      1,
      0,
      1,
      0,
      1
    ],
    [
      1,
      0,
      1,
      0,
      0
    ],
    [
      1,
      0,
      1,
      0,
      0
    ],
    [
      1,
      0,
      1,
      0,
      1
    ],
    [
      1,
      0,
      1,
      0,
      1
    ],
    [
      1,
      0,
      1,
      0,
      0
    ],
    [
      1,
      0,
      1,
      0,
      0
    ],
    [
      1,
      0,
      1,
      0,
      0
    ],
    [
      0,
      0,
      1,
      0,
      0
    ],
    [
      1,
      0,
      1,
      0,
      0
    ],
    [
      1,
      0,
      1,
      0,
      1
    ],
    [
      1,
      0,
      1,
      0,
      0
    ],
    [
      1,
      0,
      1,
      0,
      1
    ],
    [
      1,
      0,
      1,
      0,
      0
    ]
  ],
  "pareto_objectives": [
    [
      0.5590791217698865,
      -0.4
    ],
    [
      0.6029054491691379,
      -0.6
    ],
    [
      0.6029054491691379,
      -0.6
    ],
    [
      0.5590791217698865,
      -0.4
    ],
    [
      0.6029054491691379,
      -0.6
    ],
    [
      0.5590791217698865,
      -0.4
    ],
    [
      0.5590791217698865,
      -0.4
    ],
    [
      0.5590791217698865,
      -0.4
    ],
    [
      0.5590791217698865,
      -0.4
    ],
    [
      0.6029054491691379,
      -0.6
    ],
    [
      0.6029054491691379,
      -0.6
    ],
    [
      0.5590791217698865,
      -0.4
    ],
    [
      0.6029054491691379,
      -0.6
    ],
    [
      0.6029054491691379,
      -0.6
    ],
    [
      0.6029054491691379,
      -0.6
    ],
    [
      0.5590791217698865,
      -0.4
    ],
    [
      0.540151638410416,
      -0.2
    ],
    [
      0.6029054491691379,
      -0.6
    ],
    [
      0.5590791217698865,
      -0.4
    ],
    [
      0.5590791217698865,
      -0.4
    ],
    [
      0.5590791217698865,
      -0.4
    ],
    [
      0.6029054491691379,
      -0.6
    ],
    [
      0.5590791217698865,
      -0.4
    ],
    [
      0.5590791217698865,
      -0.4
    ],
    [
      0.6029054491691379,
      -0.6
    ],
    [
      0.6029054491691379,
      -0.6
    ],
    [
      0.5590791217698865,
      -0.4
    ],
    [
      0.5590791217698865,
      -0.4
    ],
    [
      0.5590791217698865,
      -0.4
    ],
    [
      0.540151638410416,
      -0.2
    ],
    [
      0.5590791217698865,
      -0.4
    ],
    [
      0.6029054491691379,
      -0.6
    ],
    [
      0.5590791217698865,
      -0.4
    ],
    [
      0.6029054491691379,
      -0.6
    ],
    [
      0.5590791217698865,
      -0.4
    ]
  ],
  "n_pareto_solutions": 35,
  "best_balanced": {
    "chromosome": [
      0,
      0,
      1,
      0,
      0
    ],
    "r2_train": 0.540151638410416,
    "n_models": 1,
    "r2_test": 0.3595045761506094
  },
  "best_r2": {
    "chromosome": [
      1,
      0,
      1,
      0,
      1
    ],
    "r2_train": 0.6029054491691379,
    "n_models": 3,
    "r2_test": 0.5073601725212401
  },
  "best_parsimonious": {
    "chromosome": [
      0,
      0,
      1,
      0,
      0
    ],
    "r2_train": 0.540151638410416,
    "n_models": 1,
    "r2_test": 0.3595045761506094
  },
  "history_r2": [
    0.6029054491691379,
    0.6029054491691379,
    0.6029054491691379,
    0.6029054491691379,
    0.6029054491691379,
    0.6029054491691379,
    0.6029054491691379,
    0.6029054491691379,
    0.6029054491691379,
    0.6029054491691379,
    0.6029054491691379,
    0.6029054491691379,
    0.6029054491691379,
    0.6029054491691379,
    0.6029054491691379,
    0.6029054491691379,
    0.6029054491691379,
    0.6029054491691379,
    0.6029054491691379,
    0.6029054491691379,
    0.6029054491691379,
    0.6029054491691379,
    0.6029054491691379,
    0.6029054491691379,
    0.6029054491691379,
    0.6029054491691379,
    0.6029054491691379,
    0.6029054491691379,
    0.6029054491691379,
    0.6029054491691379,
    0.6029054491691379,
    0.6029054491691379,
    0.6029054491691379,
    0.6029054491691379,
    0.6029054491691379,
    0.6029054491691379,
    0.6029054491691379,
    0.6029054491691379,
    0.6029054491691379,
    0.6029054491691379,
    0.6029054491691379,
    0.6029054491691379,
    0.6029054491691379,
    0.6029054491691379,
    0.6029054491691379,
    0.6029054491691379,
    0.6029054491691379,
    0.6029054491691379,
    0.6029054491691379,
    0.6029054491691379,
    0.6029054491691379,
    0.6029054491691379,
    0.6029054491691379,
    0.6029054491691379,
    0.6029054491691379,
    0.6029054491691379,
    0.6029054491691379,
    0.6029054491691379,
    0.6029054491691379,
    0.6029054491691379,
    0.6029054491691379,
    0.6029054491691379,
    0.6029054491691379,
    0.6029054491691379,
    0.6029054491691379,
    0.6029054491691379,
    0.6029054491691379,
    0.6029054491691379,
    0.6029054491691379,
    0.6029054491691379,
    0.6029054491691379,
    0.6029054491691379,
    0.6029054491691379,
    0.6029054491691379,
    0.6029054491691379,
    0.6029054491691379,
    0.6029054491691379,
    0.6029054491691379,
    0.6029054491691379,
    0.6029054491691379,
    0.6029054491691379,
    0.6029054491691379,
    0.6029054491691379,
    0.6029054491691379,
    0.6029054491691379,
    0.6029054491691379,
    0.6029054491691379,
    0.6029054491691379,
    0.6029054491691379,
    0.6029054491691379,
    0.6029054491691379,
    0.6029054491691379,
    0.6029054491691379,
    0.6029054491691379,
    0.6029054491691379,
    0.6029054491691379,
    0.6029054491691379,
    0.6029054491691379,
    0.6029054491691379,
    0.6029054491691379
  ],
  "history_pareto_size": [
    6,
    11,
    12,
    16,
    18,
    21,
    21,
    23,
    24,
    27,
    29,
    27,
    29,
    28,
    28,
    29,
    30,
    29,
    31,
    30,
    32,
    34,
    32,
    31,
    34,
    37,
    34,
    33,
    33,
    35,
    38,
    38,
    39,
    39,
    38,
    39,
    38,
    39,
    34,
    38,
    35,
    38,
    36,
    35,
    36,
    37,
    37,
    40,
    37,
    36,
    39,
    36,
    41,
    39,
    38,
    36,
    38,
    36,
    37,
    41,
    42,
    42,
    39,
    41,
    38,
    39,
    40,
    39,
    42,
    42,
    40,
    40,
    37,
    38,
    39,
    38,
    37,
    36,
    36,
    34,
    34,
    34,
    36,
    38,
    41,
    40,
    37,
    37,
    39,
    39,
    37,
    32,
    37,
    36,
    38,
    40,
    39,
    38,
    36,
    38
  ],
  "runtime_s": 5.65784478187561,
  "hyperparams": {
    "pop_size": 60,
    "n_generations": 100,
    "crossover_rate": 0.8,
    "mutation_rate": 0.02,
    "tournament_size": 3,
    "elitism": 2,
    "random_state": 42
  }
}