{
  "pareto_front": [
    [
      0,
      0,
      0,
      0,
      0,
      0,
      0,
      1
    ],
    [
      0,
      0,
      0,
      0,
      0,
      0,
      0,
      1
    ],
    [
      0,
      0,
      0,
      0,
      0,
      0,
      0,
      1
    ],
    [
      0,
      0,
      0,
      0,
      0,
      0,
      0,
      1
    ],
    [
      0,
      0,
      0,
      0,
      0,
      0,
      0,
      1
    ],
    [
      0,
      0,
      0,
      0,
      0,
      0,
      0,
      1
    ],
    [
      0,
      0,
      0,
      0,
      0,
      0,
      0,
      1
    ],
    [
      0,
      0,
      0,
      0,
      0,
      0,
      0,
      1
    ],
    [
      0,
      0,
      0,
      0,
      0,
      0,
      0,
      1
    ],
    [
      0,
      0,
      0,
      0,
      0,
      0,
      0,
      1
    ],
    [
      0,
      0,
      0,
      0,
      0,
      0,
      0,
      1
    ],
    [
      0,
      0,
      0,
      0,
      0,
      0,
      0,
      1
    ],
    [
      0,
      0,
      0,
      0,
      0,
      0,
      0,
      1
    ],
    [
      0,
      0,
      0,
      0,
      0,
      0,
      0,
      1
    ],
    [
      0,
      0,
      0,
      0,
      0,
      0,
      0,
      1
    ],
    [
      0,
      0,
      0,
      0,
      0,
      0,
      0,
      1
    ],
    [
      0,
      0,
      0,
      0,
      0,
      0,
      0,
      1
    ],
    [
      0,
      0,
      0,
      0,
      0,
      0,
      0,
      1
    ],
    [
      0,
      0,
      0,
      0,
      0,
      0,
      0,
      1
    ],
    [
      0,
      0,
      0,
      0,
      0,
      0,
      0,
      1
    ],
    [
      0,
      0,
      0,
      0,
      0,
      0,
      0,
      1
    ]
  ],
  "pareto_objectives": [
    [
      0.9961592055146221,
      -0.125
    ],
    [
      0.9961592055146221,
      -0.125
    ],
    [
      0.9961592055146221,
      -0.125
    ],
    [
      0.9961592055146221,
      -0.125
    ],
    [
      0.9961592055146221,
      -0.125
    ],
    [
      0.9961592055146221,
      -0.125
    ],
    [
      0.9961592055146221,
      -0.125
    ],
    [
      0.9961592055146221,
      -0.125
    ],
    [
      0.9961592055146221,
      -0.125
    ],
    [
      0.9961592055146221,
      -0.125
    ],
    [
      0.9961592055146221,
      -0.125
    ],
    [
      0.9961592055146221,
      -0.125
    ],
    [
      0.9961592055146221,
      -0.125
    ],
    [
      0.9961592055146221,
      -0.125
    ],
    [
      0.9961592055146221,
      -0.125
    ],
    [
      0.9961592055146221,
      -0.125
    ],
    [
      0.9961592055146221,
      -0.125
    ],
    [
      0.9961592055146221,
      -0.125
    ],
    [
      0.9961592055146221,
      -0.125
    ],
    [
      0.9961592055146221,
      -0.125
    ],
    [
      0.9961592055146221,
      -0.125
    ]
  ],
  "n_pareto_solutions": 21,
  "best_balanced": {
    "chromosome": [
      0,
      0,
      0,
      0,
      0,
      0,
      0,
      1
    ],
    "r2_train": 0.9961592055146221,
    "n_models": 1,
    "r2_test": 0.7531168286846927
  },
  "best_r2": {
    "chromosome": [
      0,
      0,
      0,
      0,
      0,
      0,
      0,
      1
    ],
    "r2_train": 0.9961592055146221,
    "n_models": 1,
    "r2_test": 0.7531168286846927
  },
  "best_parsimonious": {
    "chromosome": [
      0,
      0,
      0,
      0,
      0,
      0,
      0,
      1
    ],
    "r2_train": 0.9961592055146221,
    "n_models": 1,
    "r2_test": 0.7531168286846927
  },
  "history_r2": [
    0.9871915431835183,
    0.9871915431835183,
    0.9871915431835183,
    0.9871915431835183,
    0.9888340385924849,
    0.9888340385924849,
    0.993268778343348,
    0.9961592055146221,
    0.9961592055146221,
    0.9961592055146221,
    0.9961592055146221,
    0.9961592055146221,
    0.9961592055146221,
    0.9961592055146221,
    0.9961592055146221,
    0.9961592055146221,
    0.9961592055146221,
    0.9961592055146221,
    0.9961592055146221,
    0.9961592055146221,
    0.9961592055146221,
    0.9961592055146221,
    0.9961592055146221,
    0.9961592055146221,
    0.9961592055146221,
    0.9961592055146221,
    0.9961592055146221,
    0.9961592055146221,
    0.9961592055146221,
    0.9961592055146221,
    0.9961592055146221,
    0.9961592055146221,
    0.9961592055146221,
    0.9961592055146221,
    0.9961592055146221,
    0.9961592055146221,
    0.9961592055146221,
    0.9961592055146221,
    0.9961592055146221,
    0.9961592055146221,
    0.9961592055146221,
    0.9961592055146221,
    0.9961592055146221,
    0.9961592055146221,
    0.9961592055146221,
    0.9961592055146221,
    0.9961592055146221,
    0.9961592055146221,
    0.9961592055146221,
    0.9961592055146221,
    0.9961592055146221,
    0.9961592055146221,
    0.9961592055146221,
    0.9961592055146221,
    0.9961592055146221,
    0.9961592055146221,
    0.9961592055146221,
    0.9961592055146221,
    0.9961592055146221,
    0.9961592055146221,
    0.9961592055146221,
    0.9961592055146221,
    0.9961592055146221,
    0.9961592055146221,
    0.9961592055146221,
    0.9961592055146221,
    0.9961592055146221,
    0.9961592055146221,
    0.9961592055146221,
    0.9961592055146221,
    0.9961592055146221,
    0.9961592055146221,
    0.9961592055146221,
    0.9961592055146221,
    0.9961592055146221,
    0.9961592055146221,
    0.9961592055146221,
    0.9961592055146221,
    0.9961592055146221,
    0.9961592055146221,
    0.9961592055146221,
    0.9961592055146221,
    0.9961592055146221,
    0.9961592055146221,
    0.9961592055146221,
    0.9961592055146221,
    0.9961592055146221,
    0.9961592055146221,
    0.9961592055146221,
    0.9961592055146221,
    0.9961592055146221,
    0.9961592055146221,
    0.9961592055146221,
    0.9961592055146221,
    0.9961592055146221,
    0.9961592055146221,
    0.9961592055146221,
    0.9961592055146221,
    0.9961592055146221,
    0.9961592055146221
  ],
  "history_pareto_size": [
    1,
    2,
    4,
    5,
    8,
    11,
    1,
    1,
    1,
    2,
    4,
    6,
    9,
    10,
    12,
    11,
    11,
    12,
    11,
    12,
    13,
    11,
    12,
    14,
    16,
    12,
    14,
    16,
    17,
    19,
    19,
    19,
    20,
    21,
    18,
    18,
    17,
    18,
    14,
    15,
    16,
    15,
    18,
    21,
    22,
    19,
    19,
    15,
    14,
    16,
    15,
    12,
    13,
    15,
    16,
    18,
    19,
    19,
    20,
    17,
    17,
    17,
    14,
    16,
    18,
    18,
    19,
    19,
    18,
    17,
    16,
    18,
    20,
    20,
    22,
    20,
    17,
    17,
    20,
    19,
    21,
    21,
    17,
    17,
    18,
    18,
    16,
    17,
    18,
    20,
    20,
    20,
    19,
    20,
    19,
    19,
    19,
    18,
    21,
    21
  ],
  "runtime_s": 4.626554727554321,
  "hyperparams": {
    "pop_size": 60,
    "n_generations": 100,
    "crossover_rate": 0.8,
    "mutation_rate": 0.02,
    "tournament_size": 3,
    "elitism": 2,
    "random_state": 42
  }
}