{
  "pareto_front": [
    [
      1,
      0,
      1,
      1,
      0
    ],
    [
      1,
      0,
      0,
      0,
      0
    ],
    [
      1,
      0,
      0,
      0,
      0
    ],
    [
      1,
      0,
      1,
      1,
      0
    ],
    [
      1,
      0,
      0,
      1,
      0
    ],
    [
      1,
      0,
      1,
      1,
      0
    ],
    [
      1,
      0,
      1,
      1,
      0
    ],
    [
      1,
      0,
      0,
      0,
      0
    ],
    [
      1,
      0,
      0,
      1,
      0
    ],
    [
      1,
      0,
      1,
      1,
      0
    ],
    [
      1,
      0,
      0,
      1,
      0
    ],
    [
      1,
      0,
      1,
      1,
      0
    ],
    [
      1,
      0,
      0,
      1,
      0
    ],
    [
      1,
      0,
      1,
      1,
      0
    ],
    [
      1,
      0,
      0,
      1,
      0
    ],
    [
      1,
      0,
      0,
      1,
      0
    ],
    [
      1,
      0,
      0,
      0,
      0
    ],
    [
      1,
      0,
      0,
      0,
      0
    ],
    [
      1,
      0,
      0,
      1,
      0
    ],
    [
      1,
      0,
      0,
      1,
      0
    ],
    [
      1,
      0,
      0,
      1,
      0
    ],
    [
      1,
      0,
      0,
      1,
      0
    ],
    [
      1,
      0,
      1,
      1,
      0
    ],
    [
      1,
      0,
      0,
      1,
      0
    ],
    [
      1,
      0,
      0,
      1,
      0
    ],
    [
      1,
      0,
      0,
      0,
      0
    ],
    [
      1,
      0,
      0,
      0,
      0
    ],
    [
      1,
      0,
      0,
      0,
      0
    ],
    [
      1,
      0,
      0,
      0,
      0
    ],
    [
      1,
      0,
      0,
      1,
      0
    ],
    [
      1,
      0,
      0,
      1,
      0
    ],
    [
      1,
      0,
      0,
      0,
      0
    ],
    [
      1,
      0,
      0,
      1,
      0
    ],
    [
      1,
      0,
      0,
      0,
      0
    ],
    [
      1,
      0,
      1,
      1,
      0
    ],
    [
      1,
      0,
      1,
      1,
      0
    ],
    [
      1,
      0,
      0,
      0,
      0
    ]
  ],
  "pareto_objectives": [
    [
      0.5960400739481956,
      -0.6
    ],
    [
      0.5854181266382289,
      -0.2
    ],
    [
      0.5854181266382289,
      -0.2
    ],
    [
      0.5960400739481956,
      -0.6
    ],
    [
      0.594554551789625,
      -0.4
    ],
    [
      0.5960400739481956,
      -0.6
    ],
    [
      0.5960400739481956,
      -0.6
    ],
    [
      0.5854181266382289,
      -0.2
    ],
    [
      0.594554551789625,
      -0.4
    ],
    [
      0.5960400739481956,
      -0.6
    ],
    [
      0.594554551789625,
      -0.4
    ],
    [
      0.5960400739481956,
      -0.6
    ],
    [
      0.594554551789625,
      -0.4
    ],
    [
      0.5960400739481956,
      -0.6
    ],
    [
      0.594554551789625,
      -0.4
    ],
    [
      0.594554551789625,
      -0.4
    ],
    [
      0.5854181266382289,
      -0.2
    ],
    [
      0.5854181266382289,
      -0.2
    ],
    [
      0.594554551789625,
      -0.4
    ],
    [
      0.594554551789625,
      -0.4
    ],
    [
      0.594554551789625,
      -0.4
    ],
    [
      0.594554551789625,
      -0.4
    ],
    [
      0.5960400739481956,
      -0.6
    ],
    [
      0.594554551789625,
      -0.4
    ],
    [
      0.594554551789625,
      -0.4
    ],
    [
      0.5854181266382289,
      -0.2
    ],
    [
      0.5854181266382289,
      -0.2
    ],
    [
      0.5854181266382289,
      -0.2
    ],
    [
      0.5854181266382289,
      -0.2
    ],
    [
      0.594554551789625,
      -0.4
    ],
    [
      0.594554551789625,
      -0.4
    ],
    [
      0.5854181266382289,
      -0.2
    ],
    [
      0.594554551789625,
      -0.4
    ],
    [
      0.5854181266382289,
      -0.2
    ],
    [
      0.5960400739481956,
      -0.6
    ],
    [
      0.5960400739481956,
      -0.6
    ],
    [
      0.5854181266382289,
      -0.2
    ]
  ],
  "n_pareto_solutions": 37,
  "best_balanced": {
    "chromosome": [
      1,
      0,
      0,
      1,
      0
    ],
    "r2_train": 0.594554551789625,
    "n_models": 2,
    "r2_test": 0.35688293674884775
  },
  "best_r2": {
    "chromosome": [
      1,
      0,
      1,
      1,
      0
    ],
    "r2_train": 0.5960400739481956,
    "n_models": 3,
    "r2_test": 0.35561932913436256
  },
  "best_parsimonious": {
    "chromosome": [
      1,
      0,
      0,
      0,
      0
    ],
    "r2_train": 0.5854181266382289,
    "n_models": 1,
    "r2_test": 0.26516694935097884
  },
  "history_r2": [
    0.5960400739481956,
    0.5960400739481956,
    0.5960400739481956,
    0.5960400739481956,
    0.5960400739481956,
    0.5960400739481956,
    0.5960400739481956,
    0.5960400739481956,
    0.5960400739481956,
    0.5960400739481956,
    0.5960400739481956,
    0.5960400739481956,
    0.5960400739481956,
    0.5960400739481956,
    0.5960400739481956,
    0.5960400739481956,
    0.5960400739481956,
    0.5960400739481956,
    0.5960400739481956,
    0.5960400739481956,
    0.5960400739481956,
    0.5960400739481956,
    0.5960400739481956,
    0.5960400739481956,
    0.5960400739481956,
    0.5960400739481956,
    0.5960400739481956,
    0.5960400739481956,
    0.5960400739481956,
    0.5960400739481956,
    0.5960400739481956,
    0.5960400739481956,
    0.5960400739481956,
    0.5960400739481956,
    0.5960400739481956,
    0.5960400739481956,
    0.5960400739481956,
    0.5960400739481956,
    0.5960400739481956,
    0.5960400739481956,
    0.5960400739481956,
    0.5960400739481956,
    0.5960400739481956,
    0.5960400739481956,
    0.5960400739481956,
    0.5960400739481956,
    0.5960400739481956,
    0.5960400739481956,
    0.5960400739481956,
    0.5960400739481956,
    0.5960400739481956,
    0.5960400739481956,
    0.5960400739481956,
    0.5960400739481956,
    0.5960400739481956,
    0.5960400739481956,
    0.5960400739481956,
    0.5960400739481956,
    0.5960400739481956,
    0.5960400739481956,
    0.5960400739481956,
    0.5960400739481956,
    0.5960400739481956,
    0.5960400739481956,
    0.5960400739481956,
    0.5960400739481956,
    0.5960400739481956,
    0.5960400739481956,
    0.5960400739481956,
    0.5960400739481956,
    0.5960400739481956,
    0.5960400739481956,
    0.5960400739481956,
    0.5960400739481956,
    0.5960400739481956,
    0.5960400739481956,
    0.5960400739481956,
    0.5960400739481956,
    0.5960400739481956,
    0.5960400739481956,
    0.5960400739481956,
    0.5960400739481956,
    0.5960400739481956,
    0.5960400739481956,
    0.5960400739481956,
    0.5960400739481956,
    0.5960400739481956,
    0.5960400739481956,
    0.5960400739481956,
    0.5960400739481956,
    0.5960400739481956,
    0.5960400739481956,
    0.5960400739481956,
    0.5960400739481956,
    0.5960400739481956,
    0.5960400739481956,
    0.5960400739481956,
    0.5960400739481956,
    0.5960400739481956,
    0.5960400739481956
  ],
  "history_pareto_size": [
    7,
    10,
    15,
    15,
    15,
    15,
    18,
    20,
    20,
    20,
    21,
    23,
    23,
    24,
    26,
    25,
    28,
    30,
    30,
    30,
    30,
    32,
    33,
    31,
    34,
    38,
    33,
    36,
    38,
    41,
    35,
    33,
    34,
    36,
    37,
    37,
    35,
    32,
    31,
    32,
    32,
    35,
    35,
    33,
    33,
    32,
    34,
    37,
    34,
    34,
    35,
    35,
    33,
    31,
    33,
    33,
    34,
    32,
    32,
    33,
    31,
    29,
    28,
    28,
    29,
    31,
    32,
    32,
    33,
    34,
    32,
    33,
    34,
    32,
    33,
    35,
    33,
    33,
    31,
    30,
    34,
    36,
    38,
    39,
    40,
    43,
    42,
    41,
    40,
    38,
    36,
    36,
    37,
    37,
    39,
    38,
    36,
    37,
    34,
    34
  ],
  "runtime_s": 4.426622152328491,
  "hyperparams": {
    "pop_size": 60,
    "n_generations": 100,
    "crossover_rate": 0.8,
    "mutation_rate": 0.02,