{
  "pareto_front": [
    [
      1,
      0,
      1,
      1,
      0
    ],
    [
      1,
      0,
      0,
      0,
      0
    ],
    [
      1,
      0,
      0,
      0,
      0
    ],
    [
      1,
      0,
      1,
      1,
      0
    ],
    [
      1,
      0,
      0,
      0,
      0
    ],
    [
      1,
      0,
      1,
      1,
      0
    ],
    [
      1,
      0,
      0,
      1,
      0
    ],
    [
      1,
      0,
      0,
      0,
      0
    ],
    [
      1,
      0,
      1,
      1,
      0
    ],
    [
      1,
      0,
      0,
      1,
      0
    ],
    [
      1,
      0,
      0,
      1,
      0
    ],
    [
      1,
      0,
      0,
      1,
      0
    ],
    [
      1,
      0,
      0,
      1,
      0
    ],
    [
      1,
      0,
      0,
      0,
      0
    ],
    [
      1,
      0,
      0,
      1,
      0
    ],
    [
      1,
      0,
      0,
      1,
      0
    ],
    [
      1,
      0,
      1,
      1,
      0
    ],
    [
      1,
      0,
      0,
      0,
      0
    ],
    [
      1,
      0,
      0,
      1,
      0
    ],
    [
      1,
      0,
      0,
      0,
      0
    ],
    [
      1,
      0,
      0,
      1,
      0
    ],
    [
      1,
      0,
      0,
      1,
      0
    ],
    [
      1,
      0,
      1,
      1,
      0
    ],
    [
      1,
      0,
      0,
      1,
      0
    ],
    [
      1,
      0,
      0,
      0,
      0
    ],
    [
      1,
      0,
      0,
      0,
      0
    ],
    [
      1,
      0,
      0,
      0,
      0
    ],
    [
      1,
      0,
      0,
      1,
      0
    ],
    [
      1,
      0,
      0,
      0,
      0
    ],
    [
      1,
      0,
      0,
      1,
      0
    ],
    [
      1,
      0,
      0,
      1,
      0
    ],
    [
      1,
      0,
      0,
      1,
      0
    ],
    [
      1,
      0,
      1,
      1,
      0
    ],
    [
      1,
      0,
      0,
      1,
      0
    ],
    [
      1,
      0,
      0,
      0,
      0
    ]
  ],
  "pareto_objectives": [
    [
      0.5960400739481959,
      -0.6
    ],
    [
      0.5854181266382295,
      -0.2
    ],
    [
      0.5854181266382295,
      -0.2
    ],
    [
      0.5960400739481959,
      -0.6
    ],
    [
      0.5854181266382295,
      -0.2
    ],
    [
      0.5960400739481959,
      -0.6
    ],
    [
      0.5945545517896245,
      -0.4
    ],
    [
      0.5854181266382295,
      -0.2
    ],
    [
      0.5960400739481959,
      -0.6
    ],
    [
      0.5945545517896245,
      -0.4
    ],
    [
      0.5945545517896245,
      -0.4
    ],
    [
      0.5945545517896245,
      -0.4
    ],
    [
      0.5945545517896245,
      -0.4
    ],
    [
      0.5854181266382295,
      -0.2
    ],
    [
      0.5945545517896245,
      -0.4
    ],
    [
      0.5945545517896245,
      -0.4
    ],
    [
      0.5960400739481959,
      -0.6
    ],
    [
      0.5854181266382295,
      -0.2
    ],
    [
      0.5945545517896245,
      -0.4
    ],
    [
      0.5854181266382295,
      -0.2
    ],
    [
      0.5945545517896245,
      -0.4
    ],
    [
      0.5945545517896245,
      -0.4
    ],
    [
      0.5960400739481959,
      -0.6
    ],
    [
      0.5945545517896245,
      -0.4
    ],
    [
      0.5854181266382295,
      -0.2
    ],
    [
      0.5854181266382295,
      -0.2
    ],
    [
      0.5854181266382295,
      -0.2
    ],
    [
      0.5945545517896245,
      -0.4
    ],
    [
      0.5854181266382295,
      -0.2
    ],
    [
      0.5945545517896245,
      -0.4
    ],
    [
      0.5945545517896245,
      -0.4
    ],
    [
      0.5945545517896245,
      -0.4
    ],
    [
      0.5960400739481959,
      -0.6
    ],
    [
      0.5945545517896245,
      -0.4
    ],
    [
      0.5854181266382295,
      -0.2
    ]
  ],
  "n_pareto_solutions": 35,
  "best_balanced": {
    "chromosome": [
      1,
      0,
      0,
      1,
      0
    ],
    "r2_train": 0.5945545517896245,
    "n_models": 2,
    "r2_test": 0.35688293674884686
  },
  "best_r2": {
    "chromosome": [
      1,
      0,
      1,
      1,
      0
    ],
    "r2_train": 0.5960400739481959,
    "n_models": 3,
    "r2_test": 0.35561932913436234
  },
  "best_parsimonious": {
    "chromosome": [
      1,
      0,
      0,
      0,
      0
    ],
    "r2_train": 0.5854181266382295,
    "n_models": 1,
    "r2_test": 0.2651669493509776
  },
  "history_r2": [
    0.5960400739481959,
    0.5960400739481959,
    0.5960400739481959,
    0.5960400739481959,
    0.5960400739481959,
    0.5960400739481959,
    0.5960400739481959,
    0.5960400739481959,
    0.5960400739481959,
    0.5960400739481959,
    0.5960400739481959,
    0.5960400739481959,
    0.5960400739481959,
    0.5960400739481959,
    0.5960400739481959,
    0.5960400739481959,
    0.5960400739481959,
    0.5960400739481959,
    0.5960400739481959,
    0.5960400739481959,
    0.5960400739481959,
    0.5960400739481959,
    0.5960400739481959,
    0.5960400739481959,
    0.5960400739481959,
    0.5960400739481959,
    0.5960400739481959,
    0.5960400739481959,
    0.5960400739481959,
    0.5960400739481959,
    0.5960400739481959,
    0.5960400739481959,
    0.5960400739481959,
    0.5960400739481959,
    0.5960400739481959,
    0.5960400739481959,
    0.5960400739481959,
    0.5960400739481959,
    0.5960400739481959,
    0.5960400739481959,
    0.5960400739481959,
    0.5960400739481959,
    0.5960400739481959,
    0.5960400739481959,
    0.5960400739481959,
    0.5960400739481959,
    0.5960400739481959,
    0.5960400739481959,
    0.5960400739481959,
    0.5960400739481959,
    0.5960400739481959,
    0.5960400739481959,
    0.5960400739481959,
    0.5960400739481959,
    0.5960400739481959,
    0.5960400739481959,
    0.5960400739481959,
    0.5960400739481959,
    0.5960400739481959,
    0.5960400739481959,
    0.5960400739481959,
    0.5960400739481959,
    0.5960400739481959,
    0.5960400739481959,
    0.5960400739481959,
    0.5960400739481959,
    0.5960400739481959,
    0.5960400739481959,
    0.5960400739481959,
    0.5960400739481959,
    0.5960400739481959,
    0.5960400739481959,
    0.5960400739481959,
    0.5960400739481959,
    0.5960400739481959,
    0.5960400739481959,
    0.5960400739481959,
    0.5960400739481959,
    0.5960400739481959,
    0.5960400739481959,
    0.5960400739481959,
    0.5960400739481959,
    0.5960400739481959,
    0.5960400739481959,
    0.5960400739481959,
    0.5960400739481959,
    0.5960400739481959,
    0.5960400739481959,
    0.5960400739481959,
    0.5960400739481959,
    0.5960400739481959,
    0.5960400739481959,
    0.5960400739481959,
    0.5960400739481959,
    0.5960400739481959,
    0.5960400739481959,
    0.5960400739481959,
    0.5960400739481959,
    0.5960400739481959,
    0.5960400739481959
  ],
  "history_pareto_size": [
    7,
    10,
    15,
    15,
    15,
    15,
    18,
    20,
    20,
    20,
    21,
    23,
    24,
    25,
    27,
    26,
    28,
    30,
    30,
    29,
    29,
    31,
    30,
    28,
    31,
    32,
    31,
    31,
    31,
    32,
    34,
    31,
    29,
    28,
    28,
    30,
    29,
    27,
    24,
    24,
    28,
    31,
    32,
    34,
    33,
    31,
    33,
    33,
    31,
    33,
    36,
    35,
    37,
    35,
    33,
    36,
    38,
    34,
    34,
    35,
    37,
    35,
    34,
    34,
    37,
    36,
    36,
    38,
    38,
    37,
    34,
    34,
    33,
    34,
    33,
    35,
    33,
    35,
    34,
    30,
    31,
    34,
    35,
    35,
    36,
    40,
    38,
    36,
    38,
    38,
    38,
    37,
    37,
    37,
    39,
    38,
    36,
    37,
    32,
    34
  ],
  "runtime_s": 5.547090768814087,
  "hyperparams": {
    "pop_size": 60,
    "n_generations": 100,
    "crossover_rate": 0.8,
    "mutation_rate": 0.02,
    "tournament_size": 3,
    "elitism": 2,
    "random_state": 42
  }
}