{
  "pareto_front": [
    [
      0,
      1,
      0,
      0,
      0
    ],
    [
      0,
      1,
      0,
      0,
      0
    ],
    [
      0,
      1,
      0,
      0,
      0
    ],
    [
      0,
      1,
      0,
      0,
      0
    ],
    [
      0,
      1,
      0,
      0,
      0
    ],
    [
      0,
      1,
      0,
      1,
      0
    ],
    [
      0,
      1,
      0,
      0,
      0
    ],
    [
      0,
      1,
      0,
      0,
      0
    ],
    [
      0,
      1,
      0,
      0,
      0
    ],
    [
      0,
      1,
      0,
      0,
      0
    ],
    [
      0,
      1,
      0,
      0,
      0
    ],
    [
      0,
      1,
      0,
      0,
      0
    ],
    [
      0,
      1,
      0,
      0,
      0
    ],
    [
      0,
      1,
      0,
      0,
      0
    ],
    [
      0,
      1,
      0,
      0,
      0
    ],
    [
      0,
      1,
      0,
      1,
      0
    ],
    [
      0,
      1,
      0,
      0,
      0
    ],
    [
      0,
      1,
      0,
      0,
      0
    ],
    [
      0,
      1,
      0,
      0,
      0
    ],
    [
      0,
      1,
      0,
      0,
      0
    ],
    [
      0,
      1,
      0,
      1,
      0
    ],
    [
      0,
      1,
      0,
      0,
      0
    ],
    [
      0,
      1,
      0,
      0,
      0
    ],
    [
      0,
      1,
      0,
      1,
      0
    ],
    [
      0,
      1,
      0,
      0,
      0
    ],
    [
      0,
      1,
      0,
      0,
      0
    ],
    [
      0,
      1,
      0,
      0,
      0
    ],
    [
      0,
      1,
      0,
      1,
      0
    ],
    [
      0,
      1,
      0,
      0,
      0
    ],
    [
      0,
      1,
      0,
      0,
      0
    ],
    [
      0,
      1,
      0,
      1,
      0
    ],
    [
      0,
      1,
      0,
      1,
      0
    ],
    [
      0,
      1,
      0,
      1,
      0
    ],
    [
      0,
      1,
      0,
      1,
      0
    ]
  ],
  "pareto_objectives": [
    [
      0.5383529693237453,
      -0.2
    ],
    [
      0.5383529693237453,
      -0.2
    ],
    [
      0.5383529693237453,
      -0.2
    ],
    [
      0.5383529693237453,
      -0.2
    ],
    [
      0.5383529693237453,
      -0.2
    ],
    [
      0.5615320349871694,
      -0.4
    ],
    [
      0.5383529693237453,
      -0.2
    ],
    [
      0.5383529693237453,
      -0.2
    ],
    [
      0.5383529693237453,
      -0.2
    ],
    [
      0.5383529693237453,
      -0.2
    ],
    [
      0.5383529693237453,
      -0.2
    ],
    [
      0.5383529693237453,
      -0.2
    ],
    [
      0.5383529693237453,
      -0.2
    ],
    [
      0.5383529693237453,
      -0.2
    ],
    [
      0.5383529693237453,
      -0.2
    ],
    [
      0.5615320349871694,
      -0.4
    ],
    [
      0.5383529693237453,
      -0.2
    ],
    [
      0.5383529693237453,
      -0.2
    ],
    [
      0.5383529693237453,
      -0.2
    ],
    [
      0.5383529693237453,
      -0.2
    ],
    [
      0.5615320349871694,
      -0.4
    ],
    [
      0.5383529693237453,
      -0.2
    ],
    [
      0.5383529693237453,
      -0.2
    ],
    [
      0.5615320349871694,
      -0.4
    ],
    [
      0.5383529693237453,
      -0.2
    ],
    [
      0.5383529693237453,
      -0.2
    ],
    [
      0.5383529693237453,
      -0.2
    ],
    [
      0.5615320349871694,
      -0.4
    ],
    [
      0.5383529693237453,
      -0.2
    ],
    [
      0.5383529693237453,
      -0.2
    ],
    [
      0.5615320349871694,
      -0.4
    ],
    [
      0.5615320349871694,
      -0.4
    ],
    [
      0.5615320349871694,
      -0.4
    ],
    [
      0.5615320349871694,
      -0.4
    ]
  ],
  "n_pareto_solutions": 34,
  "best_balanced": {
    "chromosome": [
      0,
      1,
      0,
      0,
      0
    ],
    "r2_train": 0.5383529693237453,
    "n_models": 1,
    "r2_test": 0.44353957076950834
  },
  "best_r2": {
    "chromosome": [
      0,
      1,
      0,
      1,
      0
    ],
    "r2_train": 0.5615320349871694,
    "n_models": 2,
    "r2_test": 0.46660033850410465
  },
  "best_parsimonious": {
    "chromosome": [
      0,
      1,
      0,
      0,
      0
    ],
    "r2_train": 0.5383529693237453,
    "n_models": 1,
    "r2_test": 0.44353957076950834
  },
  "history_r2": [
    0.5647960381799595,
    0.5647960381799595,
    0.5647960381799595,
    0.5647960381799595,
    0.5647960381799595,
    0.5647960381799595,
    0.5647960381799595,
    0.5647960381799595,
    0.5647960381799595,
    0.5647960381799595,
    0.5627577207783337,
    0.5627577207783337,
    0.5647960381799595,
    0.5647960381799595,
    0.5647960381799595,
    0.5647960381799595,
    0.5647960381799595,
    0.5647960381799595,
    0.5647960381799595,
    0.5647960381799595,
    0.5647960381799595,
    0.5647960381799595,
    0.5647960381799595,
    0.5647960381799595,
    0.5647960381799595,
    0.5647960381799595,
    0.5647960381799595,
    0.5647960381799595,
    0.5647960381799595,
    0.5647960381799595,
    0.5647960381799595,
    0.5647960381799595,
    0.5647960381799595,
    0.5647960381799595,
    0.5647960381799595,
    0.5647960381799595,
    0.5647960381799595,
    0.5647960381799595,
    0.5647960381799595,
    0.5647960381799595,
    0.5647960381799595,
    0.5647960381799595,
    0.5647960381799595,
    0.5647960381799595,
    0.5647960381799595,
    0.5647960381799595,
    0.5647960381799595,
    0.5647960381799595,
    0.5647960381799595,
    0.5647960381799595,
    0.5647960381799595,
    0.5647960381799595,
    0.5647960381799595,
    0.5647960381799595,
    0.5647960381799595,
    0.5647960381799595,
    0.5647960381799595,
    0.5647960381799595,
    0.5647960381799595,
    0.5647960381799595,
    0.5647960381799595,
    0.5647960381799595,
    0.5647960381799595,
    0.5647960381799595,
    0.5647960381799595,
    0.5647960381799595,
    0.5647960381799595,
    0.5647960381799595,
    0.5647960381799595,
    0.5647960381799595,
    0.5647960381799595,
    0.5647960381799595,
    0.5634871487961777,
    0.5634871487961777,
    0.5634871487961777,
    0.5647960381799595,
    0.5647960381799595,
    0.5647960381799595,
    0.5647960381799595,
    0.5647960381799595,
    0.5647960381799595,
    0.5647960381799595,
    0.5647960381799595,
    0.5647960381799595,
    0.5647960381799595,
    0.5647960381799595,
    0.5647960381799595,
    0.5647960381799595,
    0.5647960381799595,
    0.5647960381799595,
    0.5647960381799595,
    0.5647960381799595,
    0.5647960381799595,
    0.5647960381799595,
    0.5615320349871694,
    0.5634871487961777,
    0.5634871487961777,
    0.5634871487961777,
    0.5634871487961777,
    0.5615320349871694
  ],
  "history_pareto_size": [
    7,
    8,
    11,
    11,
    13,
    17,
    18,
    21,
    20,
    23,
    25,
    24,
    23,
    25,
    27,
    27,
    26,
    25,
    27,
    25,
    27,
    27,
    29,
    28,
    30,
    33,
    34,
    37,
    38,
    38,
    36,
    33,
    31,
    32,
    32,
    35,
    33,
    33,
    33,
    35,
    36,
    39,
    40,
    37,
    38,
    37,
    41,
    40,
    40,
    40,
    43,
    43,
    44,
    40,
    40,
    38,
    38,
    39,
    38,
    40,
    39,
    39,
    41,
    41,
    40,
    40,
    42,
    43,
    44,
    44,
    42,
    38,
    37,
    36,
    37,
    38,
    35,
    36,
    38,
    38,
    35,
    37,
    38,
    40,
    43,
    43,
    43,
    42,
    42,
    40,
    36,
    34,
    34,
    34,
    34,
    35,
    35,
    36,
    33,
    32
  ],
  "runtime_s": 5.893350839614868,
  "hyperparams": {
    "pop_size": 60,
    "n_generations": 100,
    "crossover_rate": 0.8,
    "mutation_rate": 0.02,
    "tournament_size": 3,
    "elitism": 2,
    "random_state": 42
  }
}