{
  "pareto_front": [
    [
      0,
      1,
      0,
      0,
      0
    ],
    [
      0,
      1,
      0,
      0,
      0
    ],
    [
      0,
      1,
      0,
      0,
      0
    ],
    [
      0,
      1,
      0,
      0,
      0
    ],
    [
      0,
      1,
      0,
      0,
      0
    ],
    [
      0,
      1,
      0,
      0,
      0
    ],
    [
      0,
      1,
      0,
      0,
      0
    ],
    [
      0,
      1,
      0,
      0,
      0
    ],
    [
      0,
      1,
      0,
      0,
      0
    ],
    [
      0,
      1,
      0,
      0,
      0
    ],
    [
      0,
      1,
      0,
      0,
      0
    ],
    [
      0,
      1,
      0,
      0,
      0
    ],
    [
      0,
      1,
      0,
      0,
      0
    ],
    [
      0,
      1,
      0,
      1,
      0
    ],
    [
      0,
      1,
      0,
      0,
      0
    ],
    [
      0,
      1,
      0,
      0,
      0
    ],
    [
      0,
      1,
      0,
      0,
      0
    ],
    [
      0,
      1,
      0,
      0,
      0
    ],
    [
      0,
      1,
      0,
      0,
      0
    ],
    [
      0,
      1,
      0,
      1,
      0
    ],
    [
      0,
      1,
      0,
      0,
      0
    ],
    [
      0,
      1,
      0,
      1,
      0
    ],
    [
      0,
      1,
      0,
      1,
      0
    ],
    [
      0,
      1,
      0,
      1,
      0
    ],
    [
      0,
      1,
      0,
      0,
      0
    ],
    [
      0,
      1,
      0,
      1,
      0
    ],
    [
      0,
      1,
      0,
      0,
      0
    ],
    [
      0,
      1,
      0,
      0,
      0
    ],
    [
      0,
      1,
      0,
      1,
      0
    ],
    [
      0,
      1,
      0,
      0,
      0
    ],
    [
      0,
      1,
      0,
      0,
      0
    ],
    [
      0,
      1,
      0,
      1,
      0
    ],
    [
      0,
      1,
      0,
      1,
      0
    ],
    [
      0,
      1,
      0,
      1,
      0
    ],
    [
      0,
      1,
      0,
      0,
      0
    ]
  ],
  "pareto_objectives": [
    [
      0.538352969323745,
      -0.2
    ],
    [
      0.538352969323745,
      -0.2
    ],
    [
      0.538352969323745,
      -0.2
    ],
    [
      0.538352969323745,
      -0.2
    ],
    [
      0.538352969323745,
      -0.2
    ],
    [
      0.538352969323745,
      -0.2
    ],
    [
      0.538352969323745,
      -0.2
    ],
    [
      0.538352969323745,
      -0.2
    ],
    [
      0.538352969323745,
      -0.2
    ],
    [
      0.538352969323745,
      -0.2
    ],
    [
      0.538352969323745,
      -0.2
    ],
    [
      0.538352969323745,
      -0.2
    ],
    [
      0.538352969323745,
      -0.2
    ],
    [
      0.5615320349871691,
      -0.4
    ],
    [
      0.538352969323745,
      -0.2
    ],
    [
      0.538352969323745,
      -0.2
    ],
    [
      0.538352969323745,
      -0.2
    ],
    [
      0.538352969323745,
      -0.2
    ],
    [
      0.538352969323745,
      -0.2
    ],
    [
      0.5615320349871691,
      -0.4
    ],
    [
      0.538352969323745,
      -0.2
    ],
    [
      0.5615320349871691,
      -0.4
    ],
    [
      0.5615320349871691,
      -0.4
    ],
    [
      0.5615320349871691,
      -0.4
    ],
    [
      0.538352969323745,
      -0.2
    ],
    [
      0.5615320349871691,
      -0.4
    ],
    [
      0.538352969323745,
      -0.2
    ],
    [
      0.538352969323745,
      -0.2
    ],
    [
      0.5615320349871691,
      -0.4
    ],
    [
      0.538352969323745,
      -0.2
    ],
    [
      0.538352969323745,
      -0.2
    ],
    [
      0.5615320349871691,
      -0.4
    ],
    [
      0.5615320349871691,
      -0.4
    ],
    [
      0.5615320349871691,
      -0.4
    ],
    [
      0.538352969323745,
      -0.2
    ]
  ],
  "n_pareto_solutions": 35,
  "best_balanced": {
    "chromosome": [
      0,
      1,
      0,
      0,
      0
    ],
    "r2_train": 0.538352969323745,
    "n_models": 1,
    "r2_test": 0.44353957076950856
  },
  "best_r2": {
    "chromosome": [
      0,
      1,
      0,
      1,
      0
    ],
    "r2_train": 0.5615320349871691,
    "n_models": 2,
    "r2_test": 0.46660033850410476
  },
  "best_parsimonious": {
    "chromosome": [
      0,
      1,
      0,
      0,
      0
    ],
    "r2_train": 0.538352969323745,
    "n_models": 1,
    "r2_test": 0.44353957076950856
  },
  "history_r2": [
    0.5647960381799595,
    0.5647960381799595,
    0.5647960381799595,
    0.5647960381799595,
    0.5647960381799595,
    0.5647960381799595,
    0.5647960381799595,
    0.5647960381799595,
    0.5647960381799595,
    0.5647960381799595,
    0.5627577207783336,
    0.5627577207783336,
    0.5647960381799595,
    0.5647960381799595,
    0.5647960381799595,
    0.5647960381799595,
    0.5647960381799595,
    0.5647960381799595,
    0.5647960381799595,
    0.5647960381799595,
    0.5647960381799595,
    0.5647960381799595,
    0.5647960381799595,
    0.5647960381799595,
    0.5647960381799595,
    0.5647960381799595,
    0.5647960381799595,
    0.5647960381799595,
    0.5647960381799595,
    0.5647960381799595,
    0.5647960381799595,
    0.5647960381799595,
    0.5647960381799595,
    0.5647960381799595,
    0.5647960381799595,
    0.5647960381799595,
    0.5647960381799595,
    0.5647960381799595,
    0.5647960381799595,
    0.5647960381799595,
    0.5647960381799595,
    0.5647960381799595,
    0.5647960381799595,
    0.5647960381799595,
    0.5647960381799595,
    0.5647960381799595,
    0.5647960381799595,
    0.5647960381799595,
    0.5647960381799595,
    0.5647960381799595,
    0.5634871487961775,
    0.5634871487961775,
    0.5634871487961775,
    0.5634871487961775,
    0.5615320349871691,
    0.5634871487961775,
    0.5647960381799595,
    0.5647960381799595,
    0.5647960381799595,
    0.5647960381799595,
    0.5647960381799595,
    0.5647960381799595,
    0.5647960381799595,
    0.5647960381799595,
    0.5647960381799595,
    0.5647960381799595,
    0.5647960381799595,
    0.5647960381799595,
    0.5647960381799595,
    0.5647960381799595,
    0.5647960381799595,
    0.5647960381799595,
    0.5647960381799595,
    0.5647960381799595,
    0.5647960381799595,
    0.5647960381799595,
    0.5647960381799595,
    0.5647960381799595,
    0.5647960381799595,
    0.5647960381799595,
    0.5647960381799595,
    0.5647960381799595,
    0.5647960381799595,
    0.5647960381799595,
    0.5647960381799595,
    0.5647960381799595,
    0.5647960381799595,
    0.5647960381799595,
    0.5647960381799595,
    0.5647960381799595,
    0.5647960381799595,
    0.5647960381799595,
    0.5647960381799595,
    0.5647960381799595,
    0.5647960381799595,
    0.5647960381799595,
    0.5634871487961775,
    0.5634871487961775,
    0.5647960381799595,
    0.5647960381799595
  ],
  "history_pareto_size": [
    7,
    8,
    11,
    11,
    13,
    17,
    18,
    21,
    20,
    23,
    25,
    24,
    23,
    25,
    27,
    27,
    26,
    25,
    27,
    25,
    27,
    27,
    29,
    28,
    30,
    33,
    34,
    37,
    38,
    38,
    36,
    33,
    31,
    32,
    32,
    35,
    33,
    33,
    33,
    35,
    36,
    39,
    40,
    37,
    38,
    37,
    41,
    41,
    39,
    38,
    43,
    46,
    43,
    41,
    39,
    39,
    38,
    38,
    40,
    41,
    42,
    41,
    41,
    42,
    42,
    43,
    42,
    42,
    42,
    46,
    45,
    44,
    41,
    39,
    42,
    42,
    40,
    39,
    41,
    40,
    42,
    41,
    41,
    42,
    42,
    43,
    44,
    43,
    44,
    42,
    39,
    37,
    37,
    38,
    38,
    38,
    37,
    37,
    34,
    34
  ],
  "runtime_s": 4.5847227573394775,
  "hyperparams": {
    "pop_size": 60,
    "n_generations": 100,
    "crossover_rate": 0.8,
    "mutation_rate": 0.02,
    "tournament_size": 3,
    "elitism": 2,
    "random_state": 42
  }
}