{
  "pareto_front": [
    [
      0,
      0,
      0,
      0,
      0,
      0,
      0,
      1
    ],
    [
      0,
      1,
      0,
      0,
      0,
      0,
      0,
      1
    ],
    [
      0,
      0,
      0,
      0,
      0,
      0,
      0,
      1
    ],
    [
      0,
      1,
      0,
      0,
      0,
      0,
      0,
      1
    ],
    [
      0,
      0,
      0,
      0,
      0,
      0,
      0,
      1
    ],
    [
      0,
      0,
      0,
      0,
      0,
      0,
      0,
      1
    ],
    [
      0,
      0,
      0,
      0,
      0,
      0,
      0,
      1
    ],
    [
      0,
      0,
      0,
      0,
      0,
      0,
      0,
      1
    ],
    [
      0,
      1,
      0,
      0,
      0,
      0,
      0,
      1
    ],
    [
      0,
      1,
      0,
      0,
      0,
      0,
      0,
      1
    ],
    [
      0,
      0,
      0,
      0,
      0,
      0,
      0,
      1
    ],
    [
      0,
      0,
      0,
      0,
      0,
      0,
      0,
      1
    ],
    [
      0,
      1,
      0,
      0,
      0,
      0,
      0,
      1
    ],
    [
      0,
      0,
      0,
      0,
      0,
      0,
      0,
      1
    ],
    [
      0,
      1,
      0,
      0,
      0,
      0,
      0,
      1
    ],
    [
      0,
      1,
      0,
      0,
      0,
      0,
      0,
      1
    ],
    [
      0,
      0,
      0,
      0,
      0,
      0,
      0,
      1
    ],
    [
      0,
      1,
      0,
      0,
      0,
      0,
      0,
      1
    ],
    [
      0,
      0,
      0,
      0,
      0,
      0,
      0,
      1
    ],
    [
      0,
      1,
      0,
      0,
      0,
      0,
      0,
      1
    ],
    [
      0,
      1,
      0,
      0,
      0,
      0,
      0,
      1
    ],
    [
      0,
      0,
      0,
      0,
      0,
      0,
      0,
      1
    ],
    [
      0,
      1,
      0,
      0,
      0,
      0,
      0,
      1
    ],
    [
      0,
      1,
      0,
      0,
      0,
      0,
      0,
      1
    ],
    [
      0,
      0,
      0,
      0,
      0,
      0,
      0,
      1
    ],
    [
      0,
      0,
      0,
      0,
      0,
      0,
      0,
      1
    ],
    [
      0,
      0,
      0,
      0,
      0,
      0,
      0,
      1
    ]
  ],
  "pareto_objectives": [
    [
      0.9222044345564695,
      -0.125
    ],
    [
      0.942201324937729,
      -0.25
    ],
    [
      0.9222044345564695,
      -0.125
    ],
    [
      0.942201324937729,
      -0.25
    ],
    [
      0.9222044345564695,
      -0.125
    ],
    [
      0.9222044345564695,
      -0.125
    ],
    [
      0.9222044345564695,
      -0.125
    ],
    [
      0.9222044345564695,
      -0.125
    ],
    [
      0.942201324937729,
      -0.25
    ],
    [
      0.942201324937729,
      -0.25
    ],
    [
      0.9222044345564695,
      -0.125
    ],
    [
      0.9222044345564695,
      -0.125
    ],
    [
      0.942201324937729,
      -0.25
    ],
    [
      0.9222044345564695,
      -0.125
    ],
    [
      0.942201324937729,
      -0.25
    ],
    [
      0.942201324937729,
      -0.25
    ],
    [
      0.9222044345564695,
      -0.125
    ],
    [
      0.942201324937729,
      -0.25
    ],
    [
      0.9222044345564695,
      -0.125
    ],
    [
      0.942201324937729,
      -0.25
    ],
    [
      0.942201324937729,
      -0.25
    ],
    [
      0.9222044345564695,
      -0.125
    ],
    [
      0.942201324937729,
      -0.25
    ],
    [
      0.942201324937729,
      -0.25
    ],
    [
      0.9222044345564695,
      -0.125
    ],
    [
      0.9222044345564695,
      -0.125
    ],
    [
      0.9222044345564695,
      -0.125
    ]
  ],
  "n_pareto_solutions": 27,
  "best_balanced": {
    "chromosome": [
      0,
      0,
      0,
      0,
      0,
      0,
      0,
      1
    ],
    "r2_train": 0.9222044345564695,
    "n_models": 1,
    "r2_test": 0.624655127644065
  },
  "best_r2": {
    "chromosome": [
      0,
      1,
      0,
      0,
      0,
      0,
      0,
      1
    ],
    "r2_train": 0.942201324937729,
    "n_models": 2,
    "r2_test": 0.6581582025042639
  },
  "best_parsimonious": {
    "chromosome": [
      0,
      0,
      0,
      0,
      0,
      0,
      0,
      1
    ],
    "r2_train": 0.9222044345564695,
    "n_models": 1,
    "r2_test": 0.624655127644065
  },
  "history_r2": [
    0.9343469851185082,
    0.9343469851185082,
    0.9354856018772141,
    0.9393877679112975,
    0.9393877679112975,
    0.9393877679112975,
    0.9374298236628349,
    0.9393877679112975,
    0.942201324937729,
    0.942201324937729,
    0.942201324937729,
    0.942201324937729,
    0.942201324937729,
    0.942201324937729,
    0.942201324937729,
    0.942201324937729,
    0.942201324937729,
    0.942201324937729,
    0.942201324937729,
    0.942201324937729,
    0.942201324937729,
    0.942201324937729,
    0.942201324937729,
    0.942201324937729,
    0.942201324937729,
    0.942201324937729,
    0.942201324937729,
    0.942201324937729,
    0.942201324937729,
    0.942201324937729,
    0.942201324937729,
    0.942201324937729,
    0.942201324937729,
    0.942201324937729,
    0.942201324937729,
    0.942201324937729,
    0.942201324937729,
    0.942201324937729,
    0.942201324937729,
    0.942201324937729,
    0.942201324937729,
    0.942201324937729,
    0.942201324937729,
    0.942201324937729,
    0.942201324937729,
    0.942201324937729,
    0.942201324937729,
    0.942201324937729,
    0.942201324937729,
    0.942201324937729,
    0.942201324937729,
    0.942201324937729,
    0.942201324937729,
    0.942201324937729,
    0.942201324937729,
    0.942201324937729,
    0.942201324937729,
    0.942201324937729,
    0.942201324937729,
    0.942201324937729,
    0.942201324937729,
    0.942201324937729,
    0.942201324937729,
    0.942201324937729,
    0.942201324937729,
    0.942201324937729,
    0.942201324937729,
    0.942201324937729,
    0.942201324937729,
    0.942201324937729,
    0.942201324937729,
    0.942201324937729,
    0.942201324937729,
    0.942201324937729,
    0.942201324937729,
    0.942201324937729,
    0.942201324937729,
    0.942201324937729,
    0.942201324937729,
    0.942201324937729,
    0.942201324937729,
    0.942201324937729,
    0.942201324937729,
    0.942201324937729,
    0.942201324937729,
    0.942201324937729,
    0.942201324937729,
    0.942201324937729,
    0.942201324937729,
    0.942201324937729,
    0.942201324937729,
    0.942201324937729,
    0.942201324937729,
    0.942201324937729,
    0.942201324937729,
    0.942201324937729,
    0.942201324937729,
    0.942201324937729,
    0.942201324937729,
    0.942201324937729
  ],
  "history_pareto_size": [
    2,
    5,
    7,
    3,
    4,
    6,
    6,
    8,
    2,
    5,
    5,
    5,
    7,
    10,
    11,
    12,
    14,
    15,
    14,
    15,
    16,
    14,
    16,
    17,
    17,
    17,
    23,
    28,
    29,
    29,
    30,
    29,
    29,
    28,
    24,
    22,
    22,
    21,
    18,
    20,
    18,
    20,
    22,
    26,
    27,
    23,
    21,
    18,
    19,
    22,
    22,
    20,
    20,
    23,
    23,
    23,
    25,
    25,
    24,
    23,
    22,
    24,
    21,
    21,
    22,
    20,
    19,
    19,
    18,
    18,
    18,
    21,
    22,
    23,
    24,
    23,
    22,
    21,
    23,
    22,
    26,
    25,
    22,
    23,
    22,
    22,
    21,
    22,
    23,
    24,
    24,
    26,
    22,
    24,
    24,
    22,
    24,
    23,
    25,
    27
  ],
  "runtime_s": 4.276667356491089,
  "hyperparams": {
    "pop_size": 60,
    "n_generations": 100,
    "crossover_rate": 0.8,
    "mutation_rate": 0.02,
    "tournament_size": 3,
    "elitism": 2,
    "random_state": 42
  }
}