{
  "pareto_front": [
    [
      0,
      0,
      0,
      0,
      1
    ],
    [
      0,
      0,
      0,
      0,
      1
    ],
    [
      0,
      0,
      0,
      0,
      1
    ],
    [
      0,
      0,
      0,
      0,
      1
    ],
    [
      0,
      0,
      0,
      0,
      1
    ],
    [
      0,
      0,
      0,
      0,
      1
    ],
    [
      0,
      0,
      0,
      0,
      1
    ],
    [
      0,
      0,
      0,
      0,
      1
    ],
    [
      0,
      0,
      0,
      0,
      1
    ],
    [
      0,
      0,
      0,
      0,
      1
    ],
    [
      0,
      0,
      0,
      0,
      1
    ],
    [
      0,
      0,
      0,
      0,
      1
    ],
    [
      0,
      0,
      0,
      0,
      1
    ],
    [
      0,
      0,
      0,
      0,
      1
    ],
    [
      0,
      0,
      0,
      0,
      1
    ],
    [
      0,
      0,
      0,
      0,
      1
    ],
    [
      0,
      0,
      0,
      0,
      1
    ],
    [
      0,
      0,
      0,
      0,
      1
    ],
    [
      0,
      0,
      0,
      0,
      1
    ],
    [
      0,
      0,
      0,
      0,
      1
    ],
    [
      0,
      0,
      0,
      0,
      1
    ],
    [
      0,
      0,
      0,
      0,
      1
    ],
    [
      0,
      0,
      0,
      0,
      1
    ],
    [
      0,
      0,
      0,
      0,
      1
    ],
    [
      0,
      0,
      0,
      0,
      1
    ],
    [
      0,
      0,
      0,
      0,
      1
    ],
    [
      0,
      0,
      0,
      0,
      1
    ]
  ],
  "pareto_objectives": [
    [
      0.3417272761108733,
      -0.2
    ],
    [
      0.3417272761108733,
      -0.2
    ],
    [
      0.3417272761108733,
      -0.2
    ],
    [
      0.3417272761108733,
      -0.2
    ],
    [
      0.3417272761108733,
      -0.2
    ],
    [
      0.3417272761108733,
      -0.2
    ],
    [
      0.3417272761108733,
      -0.2
    ],
    [
      0.3417272761108733,
      -0.2
    ],
    [
      0.3417272761108733,
      -0.2
    ],
    [
      0.3417272761108733,
      -0.2
    ],
    [
      0.3417272761108733,
      -0.2
    ],
    [
      0.3417272761108733,
      -0.2
    ],
    [
      0.3417272761108733,
      -0.2
    ],
    [
      0.3417272761108733,
      -0.2
    ],
    [
      0.3417272761108733,
      -0.2
    ],
    [
      0.3417272761108733,
      -0.2
    ],
    [
      0.3417272761108733,
      -0.2
    ],
    [
      0.3417272761108733,
      -0.2
    ],
    [
      0.3417272761108733,
      -0.2
    ],
    [
      0.3417272761108733,
      -0.2
    ],
    [
      0.3417272761108733,
      -0.2
    ],
    [
      0.3417272761108733,
      -0.2
    ],
    [
      0.3417272761108733,
      -0.2
    ],
    [
      0.3417272761108733,
      -0.2
    ],
    [
      0.3417272761108733,
      -0.2
    ],
    [
      0.3417272761108733,
      -0.2
    ],
    [
      0.3417272761108733,
      -0.2
    ]
  ],
  "n_pareto_solutions": 27,
  "best_balanced": {
    "chromosome": [
      0,
      0,
      0,
      0,
      1
    ],
    "r2_train": 0.3417272761108733,
    "n_models": 1,
    "r2_test": 0.624655127644065
  },
  "best_r2": {
    "chromosome": [
      0,
      0,
      0,
      0,
      1
    ],
    "r2_train": 0.3417272761108733,
    "n_models": 1,
    "r2_test": 0.624655127644065
  },
  "best_parsimonious": {
    "chromosome": [
      0,
      0,
      0,
      0,
      1
    ],
    "r2_train": 0.3417272761108733,
    "n_models": 1,
    "r2_test": 0.624655127644065
  },
  "history_r2": [
    0.3417272761108733,
    0.3417272761108733,
    0.3417272761108733,
    0.3417272761108733,
    0.3417272761108733,
    0.3417272761108733,
    0.3417272761108733,
    0.3417272761108733,
    0.3417272761108733,
    0.3417272761108733,
    0.3417272761108733,
    0.3417272761108733,
    0.3417272761108733,
    0.3417272761108733,
    0.3417272761108733,
    0.3417272761108733,
    0.3417272761108733,
    0.3417272761108733,
    0.3417272761108733,
    0.3417272761108733,
    0.3417272761108733,
    0.3417272761108733,
    0.3417272761108733,
    0.3417272761108733,
    0.3417272761108733,
    0.3417272761108733,
    0.3417272761108733,
    0.3417272761108733,
    0.3417272761108733,
    0.3417272761108733,
    0.3417272761108733,
    0.3417272761108733,
    0.3417272761108733,
    0.3417272761108733,
    0.3417272761108733,
    0.3417272761108733,
    0.3417272761108733,
    0.3417272761108733,
    0.3417272761108733,
    0.3417272761108733,
    0.3417272761108733,
    0.3417272761108733,
    0.3417272761108733,
    0.3417272761108733,
    0.3417272761108733,
    0.3417272761108733,
    0.3417272761108733,
    0.3417272761108733,
    0.3417272761108733,
    0.3417272761108733,
    0.3417272761108733,
    0.3417272761108733,
    0.3417272761108733,
    0.3417272761108733,
    0.3417272761108733,
    0.3417272761108733,
    0.3417272761108733,
    0.3417272761108733,
    0.3417272761108733,
    0.3417272761108733,
    0.3417272761108733,
    0.3417272761108733,
    0.3417272761108733,
    0.3417272761108733,
    0.3417272761108733,
    0.3417272761108733,
    0.3417272761108733,
    0.3417272761108733,
    0.3417272761108733,
    0.3417272761108733,
    0.3417272761108733,
    0.3417272761108733,
    0.3417272761108733,
    0.3417272761108733,
    0.3417272761108733,
    0.3417272761108733,
    0.3417272761108733,
    0.3417272761108733,
    0.3417272761108733,
    0.3417272761108733,
    0.3417272761108733,
    0.3417272761108733,
    0.3417272761108733,
    0.3417272761108733,
    0.3417272761108733,
    0.3417272761108733,
    0.3417272761108733,
    0.3417272761108733,
    0.3417272761108733,
    0.3417272761108733,
    0.3417272761108733,
    0.3417272761108733,
    0.3417272761108733,
    0.3417272761108733,
    0.3417272761108733,
    0.3417272761108733,
    0.3417272761108733,
    0.3417272761108733,
    0.3417272761108733,
    0.3417272761108733
  ],
  "history_pareto_size": [
    3,
    5,
    7,
    9,
    11,
    13,
    15,
    17,
    17,
    19,
    18,
    19,
    19,
    19,
    19,
    18,
    20,
    21,
    23,
    23,
    27,
    29,
    29,
    26,
    27,
    29,
    27,
    28,
    29,
    31,
    29,
    24,
    23,
    26,
    25,
    27,
    23,
    23,
    19,
    19,
    20,
    23,
    23,
    25,
    26,
    25,
    28,
    28,
    26,
    27,
    30,
    30,
    30,
    30,
    30,
    29,
    29,
    27,
    25,
    26,
    25,
    23,
    23,
    28,
    29,
    30,
    29,
    31,
    32,
    33,
    31,
    30,
    29,
    27,
    29,
    29,
    27,
    27,
    26,
    26,
    27,
    27,
    27,
    27,
    28,
    29,
    29,
    28,
    28,
    27,
    27,
    25,
    27,
    28,
    28,
    28,
    31,
    33,
    31,
    31
  ],
  "runtime_s": 4.925727128982544,
  "hyperparams": {
    "pop_size": 60,
    "n_generations": 100,
    "crossover_rate": 0.8,
    "mutation_rate": 0.02,
    "tournament_size": 3,
    "elitism": 2,
    "random_state": 42
  }
}